关键词,日均搜索量,分类
鲜花全国速递,763,鲜花词
鲜花速递,64855,鲜花词
鲜花蛋糕礼品,7,鲜花词
鲜花礼品蛋糕,14,鲜花词
送给情人的鲜花,14,鲜花词
鲜花礼品网店,84,鲜花词
情人节鲜花预订,175,鲜花词
网购鲜花礼品,42,鲜花词
蛋糕鲜花礼品网,98,鲜花词
美国鲜花速递,665,鲜花词
鲜花礼品行,147,鲜花词
礼品鲜花批发,63,鲜花词
网上鲜花速递,1526,鲜花词
预定情人节鲜花,70,鲜花词
鲜花礼品网,25396,鲜花词
网上速递鲜花,441,鲜花词
鲜花礼品名称,0,鲜花词
鲜花礼品批发,35,鲜花词
鲜花礼品代理,182,鲜花词
速递鲜花,4053,鲜花词
鲜花情人节,301,鲜花词
情人鲜花店,28,鲜花词
情人节鲜花订购,7,鲜花词
网上鲜花礼品,7,鲜花词
订鲜花礼品,14,鲜花词
全国鲜花礼品网,168,鲜花词
情人梅鲜花,7,鲜花词
鲜花礼品预订,49,鲜花词
鲜花礼品快递,7,鲜花词
鲜花速递预定,1617,鲜花词
鲜花速递鲜花,1386,鲜花词
预定鲜花礼品,14,鲜花词
鲜花鲜花速递,3290,鲜花词
国际鲜花速递,1260,鲜花词
情人节网上订鲜花,56,鲜花词
礼品鲜花店,3080,鲜花词
邮政鲜花速递网,413,鲜花词
合作鲜花礼品店,0,鲜花词
生日礼品鲜花,7,鲜花词
网上鲜花礼品店,14,鲜花词
礼品鲜花,12320,鲜花词
附近鲜花礼品店,2198,鲜花词
鲜花礼品加盟店,4753,鲜花词
最好的鲜花礼品,0,鲜花词
花礼品鲜花店,14,鲜花词
礼品鲜花预定,420,鲜花词
鲜花网鲜花速递,2289,鲜花词
情人节鲜花速递,112,鲜花词
生日鲜花速递,3619,鲜花词
情人节鲜花花束,84,鲜花词
鲜花礼品店网,63,鲜花词
鲜花礼品鲜花,10248,鲜花词
定制鲜花礼品,0,鲜花词
鲜花礼品市场投资报告,0,鲜花词
鲜花巧克力礼品,7,鲜花词
市区鲜花速递,1540,鲜花词
鲜花礼品小程序,0,鲜花词
同城速递鲜花服务,805,鲜花词
母亲节鲜花礼品,84,鲜花词
邮政鲜花速递,553,鲜花词
礼品鲜花加盟,756,鲜花词
速递鲜花速递,1813,鲜花词
鲜花速递国际鲜花网,784,鲜花词
鲜花与礼品,63,鲜花词
鲜花礼品店,12292,鲜花词
母亲节鲜花速递,350,鲜花词
鲜花礼品配送,189,鲜花词
鲜花礼品商城,42,鲜花词
同城鲜花速递,7287,鲜花词
鲜花蛋糕速递网,350,鲜花词
礼品鲜花配送,175,鲜花词
情人鲜花网,161,鲜花词
中华鲜花网鲜花礼品,0,鲜花词
鲜花速递全国送花,2828,鲜花词
情人节鲜花图片,35,鲜花词
顺昌礼品鲜花,7,鲜花词
鲜花网速递,14616,鲜花词
速递鲜花网,483,鲜花词
全国鲜花礼品配送,0,鲜花词
国际鲜花礼品网,35,鲜花词
鲜花礼品,31038,鲜花词
在线鲜花礼品专卖,0,鲜花词
鲜花礼品包装盒,518,鲜花词
高新鲜花礼品店,7,鲜花词
附近鲜花速递,2926,鲜花词
国际鲜花礼品,14,鲜花词
礼品鲜花网,8295,鲜花词
商城鲜花礼品,35,鲜花词
同城速递鲜花,658,鲜花词
情人屋鲜花礼品店,0,鲜花词
花团网鲜花礼品,0,鲜花词
鲜花网礼品网,154,鲜花词
蛋糕鲜花速递,721,鲜花词
七夕情人节鲜花预定,70,鲜花词
市内鲜花速递,399,鲜花词
情人节鲜花店,70,鲜花词
百合鲜花礼品,14,鲜花词
情人节鲜花玫瑰,7,鲜花词
情人节鲜花,1498,鲜花词
鲜花礼品网网上鲜花,0,鲜花词
爱鲜花速递,518,鲜花词
全国鲜花礼品,1022,鲜花词
同城鲜花礼品,56,鲜花词
邮局鲜花速递,672,鲜花词
顺德鲜花礼品,42,鲜花词
情人节预订鲜花,49,鲜花词
鲜花礼品城,28,鲜花词
鲜花礼品盒,8946,鲜花词
花乡鲜花礼品,0,鲜花词
鲜花礼品公司,63,鲜花词
鲜花速递鲜花速递,23296,鲜花词
鲜花速递网,7098,鲜花词
鲜花礼品店加盟,2044,鲜花词
鲜花不是礼品,0,鲜花词
情人节鲜花花语,14,鲜花词
同城鲜花礼品网,7,鲜花词
网上鲜花店鲜花礼品,0,鲜花词
四季鲜花礼品网,28,鲜花词
鲜花速递礼品,238,鲜花词
中鲜花礼品网,7,鲜花词
礼品鲜花网站,126,鲜花词
同城鲜花速递网,1169,鲜花词
鲜花情人,42,鲜花词
情人鲜花,210,鲜花词
情人节鲜花网,56,鲜花词
鲜花速递服务,910,鲜花词
鲜花礼品速递网,28,鲜花词
鲜花速递好,280,鲜花词
玫瑰鲜花速递,4669,鲜花词
鲜花同城速递,868,鲜花词
鲜花送情人,14,鲜花词
国际鲜花速递网,315,鲜花词
玫瑰花鲜花速递,287,鲜花词
玫瑰鲜花礼品网,63,鲜花词
时尚鲜花礼品店,0,鲜花词
鲜花礼品速递,9597,鲜花词
鲜花店礼品店,4634,鲜花词
七夕情人节鲜花,84,鲜花词
礼品鲜花速递,238,鲜花词
鲜花速递同城,427,鲜花词
玫瑰鲜花礼品,546,鲜花词
国内鲜花礼品,434,鲜花词
花桥鲜花礼品店,0,鲜花词
开发区鲜花速递,1932,鲜花词
鲜花礼品网电话,7,鲜花词
生日鲜花礼品,28,鲜花词
鲜花礼品连锁,21,鲜花词
全国鲜花速递网,266,鲜花词
情人节鲜花预定,133,鲜花词
鲜花礼品店名字,252,鲜花词
鲜花礼品店连锁,42,鲜花词
燕郊鲜花礼品,14,鲜花词
情人节送鲜花,119,鲜花词
勿忘我鲜花礼品店,0,鲜花词
鲜花礼品网企业,0,鲜花词
加盟鲜花礼品店,7770,鲜花词
鲜花礼品定制,84,鲜花词
鲜花礼品平台,0,鲜花词
中华鲜花礼品网鲜花速递服务,0,服务词
鲜花礼品服务,133,服务词
四季鲜花礼品网鲜花速递服务,0,服务词
鲜花礼品网送花服务,0,服务词
鲜花礼品速递服务,21,服务词
速递鲜花网站,168,网站词
礼品鲜花购物网站,0,网站词
区的鲜花速递网站,0,网站词
亦庄鲜花速递网站,0,网站词
的鲜花礼品网站,0,网站词
京东鲜花速递网站,0,网站词
天通苑鲜花速递网站,0,网站词
鲜花速递服务网站,0,网站词
国际鲜花速递网站,0,网站词
鲜花速递网站排行,14,网站词
顺心鲜花礼品网鲜花平台,0,礼品词
鲜花蛋糕礼品,7,礼品词
鲜花礼品蛋糕,14,礼品词
鲜花礼品网店,28,礼品词
鲜花礼品店的装修,0,礼品词
送花鲜花礼品网,0,礼品词
蛋糕鲜花礼品网,196,礼品词
网购鲜花礼品,21,礼品词
礼品鲜花批发,126,礼品词
鲜花礼品行,441,礼品词
鲜花礼品网,76188,礼品词
鲜花礼品营销,0,礼品词
五一节鲜花礼品,0,礼品词
鲜花礼品批发,70,礼品词
网上鲜花礼品,7,礼品词
订鲜花礼品,14,礼品词
鲜花礼品预订,147,礼品词
鲜花礼品快递,21,礼品词
全国鲜花礼品网,56,礼品词
时尚鲜花礼品网,28,礼品词
预定鲜花礼品,28,礼品词
婚庆鲜花礼品,2163,礼品词
情人节小礼品,4872,礼品词
鲜花礼品促销,14,礼品词
礼品鲜花店,3080,礼品词
好礼品鲜花网,0,礼品词
生日礼品鲜花,14,礼品词
礼品鲜花,12320,礼品词
礼品鲜花网鲜花快送,0,礼品词
附近鲜花礼品店,6594,礼品词
情人节礼品,63,礼品词
鲜花礼品贴,0,礼品词
礼品鲜花预定,210,礼品词
花礼品鲜花店,14,礼品词
精品鲜花礼品,0,礼品词
鲜花礼品店网,189,礼品词
鲜花礼品速递服务,21,礼品词
鲜花礼品预定,63,礼品词
鲜花礼品服务,133,礼品词
礼品鲜花网生日买花,0,礼品词
鲜花巧克力礼品,7,礼品词
鲜花礼品店电话,21,礼品词
母亲节鲜花礼品,252,礼品词
鲜花与礼品,126,礼品词
鲜花礼品店,12292,礼品词
鲜花礼品加盟,4914,礼品词
鲜花礼品配送,567,礼品词
鲜花礼品商城,126,礼品词
礼品鲜花配送,525,礼品词
鲜花礼品网教师节鲜花,0,礼品词
鲜花礼品行业分析,0,礼品词
情人礼品,133,礼品词
市南鲜花礼品店,0,礼品词
情人节鲜花礼品,756,礼品词
顺昌礼品鲜花,14,礼品词
鲜花礼品,10346,礼品词
国际鲜花礼品网,105,礼品词
鲜花礼品包装盒,518,礼品词
高新鲜花礼品店,7,礼品词
鲜花礼品配送网,0,礼品词
卖服装送鲜花送礼品,0,礼品词
国际鲜花礼品,42,礼品词
礼品鲜花网,2765,礼品词
商城鲜花礼品,105,礼品词
鲜花网礼品网,308,礼品词
百合鲜花礼品,7,礼品词
婚庆鲜花礼品店,0,礼品词
全国鲜花礼品,1022,礼品词
同城鲜花礼品,28,礼品词
鲜花礼品店附近,0,礼品词
鲜花礼品店的电话,0,礼品词
顺德鲜花礼品,21,礼品词
鲜花礼品店图片,0,礼品词
鲜花礼品城,56,礼品词
鲜花礼品盒,2982,礼品词
鲜花礼品零售,0,礼品词
鲜花礼品情人节活动,0,礼品词
鲜花礼品公司,63,礼品词
鲜花礼品专递网,0,礼品词
礼品盒鲜花图片,0,礼品词
父亲节鲜花礼品网,0,礼品词
鲜花礼品店加盟,1022,礼品词
市鲜花礼品店,0,礼品词
鲜花礼品市场前景报告,0,礼品词
鲜花蛋糕礼品网,0,礼品词
教师节鲜花礼品,0,礼品词
第五季鲜花礼品网网上送花,0,礼品词
同城鲜花礼品网,7,礼品词
鲜花速递礼品,238,礼品词
礼品鲜花超市,0,礼品词
四季鲜花礼品网,28,礼品词
中鲜花礼品网,21,礼品词
礼品鲜花网站,63,礼品词
情人节创意礼品,11809,礼品词
全球鲜花礼品网,14,礼品词
望京鲜花礼品,0,礼品词
鲜花礼品网站,1932,礼品词
结婚鲜花礼品,0,礼品词
光明鲜花礼品网,0,礼品词
花鲜花网鲜花礼品,0,礼品词
鲜花礼品速递网,28,礼品词
亦庄鲜花礼品店,0,礼品词
礼品鲜花网鲜花配送,0,礼品词
鲜花创意礼品,0,礼品词
玫瑰鲜花礼品网,126,礼品词
鲜花礼品速递,3199,礼品词
鲜花店礼品店,4634,礼品词
礼品鲜花速递,238,礼品词
订鲜花礼品网,14,礼品词
鲜花换礼品,0,礼品词
玫瑰鲜花礼品,1638,礼品词
国内鲜花礼品,434,礼品词
生日鲜花礼品,84,礼品词
鲜花礼品连锁,42,礼品词
鲜花礼品店连锁,42,礼品词
燕郊鲜花礼品,14,礼品词
鲜花礼品预计收入,0,礼品词
开鲜花礼品店,18396,礼品词
加盟鲜花礼品店,3885,礼品词
鲜花礼品定制,252,礼品词
鲜花速递加盟店,7,加盟词
礼品鲜花加盟,756,加盟词
鲜花礼品加盟店,4753,加盟词
鲜花速递加盟,56,加盟词
鲜花礼品店加盟,1022,加盟词
开鲜花礼品店好吗,0,疑问词
鲜花礼品公司如何做线上营销,0,疑问词
鲜花礼品在哪里,0,疑问词
鲜花速递多少钱,119,疑问词
鲜花速递怎么用,0,疑问词
情人节礼品什么好,0,疑问词
鲜花礼品可以退定吗,0,疑问词
哪里有礼品鲜花,0,疑问词
哪里有礼品鲜花网,0,疑问词
开鲜花礼品店需要什么,0,疑问词
情人节鲜花送多少,0,疑问词
鲜花礼品都很贵吗,0,疑问词
鲜花速递怎么样,224,疑问词
买什么鲜花速递好,0,疑问词
附近最大的鲜花礼品店在哪儿,0,疑问词
哪里有鲜花速递,14,疑问词
哪里可以订鲜花礼品,0,疑问词
鲜花礼品公司怎样做线上广告,0,疑问词
鲜花速递哪个,28,疑问词
情人节给女朋友送什么礼品,0,疑问词
附近哪里有鲜花礼品店,0,疑问词
情人节鲜花预定多少钱,0,疑问词
鲜花速递多久能到,0,疑问词
速递鲜花哪家好,623,疑问词
鲜花网速递如何加入,0,疑问词
鲜花能速递吗,0,疑问词
鲜花速递哪里最便宜,0,疑问词
鲜花算礼品吗,0,疑问词
鲜花礼品怎么样,0,疑问词
比较好的鲜花速递,0,疑问词
鲜花速递怎么做,0,疑问词
情人节鲜花怎么保存,0,疑问词
情人节送什么鲜花图片,0,疑问词
鲜花礼品店挣钱吗,0,疑问词
鲜花礼品哪里有,0,疑问词
情人送什么鲜花,189,疑问词
哪家鲜花速递好,168,疑问词
鲜花礼品网站有哪些,0,疑问词
情人节鲜花多少支,0,疑问词
七夕情人节订什么鲜花,0,疑问词
情人节送女朋友什么礼品最好,0,疑问词
鲜花速递的费是多少,0,疑问词
区哪里有鲜花礼品店,0,疑问词
哪个鲜花速递网站好,154,疑问词
鲜花礼品网可靠吗,0,疑问词
鲜花礼品行怎么样,0,疑问词
怎样注册鲜花礼品公司,0,疑问词
鲜花速递哪里好,7,疑问词
情人节送鲜花多少朵,0,疑问词
开个鲜花礼品店怎么样,0,疑问词
鲜花礼品怎么选,0,疑问词
礼品鲜花怎么浇水,0,疑问词
鲜花礼品名片怎么打,0,疑问词
如何开鲜花礼品店,1372,疑问词
礼品鲜花是什么,0,疑问词
鲜花速递要多久,0,疑问词
情人节哪里买鲜花,0,疑问词
怎样才能成为鲜花礼品网上的商家,0,疑问词
鲜花礼品公司推广平台有哪些,0,疑问词
鲜花速递哪个网好,70,疑问词
鲜花礼品公司如何做互联网推广,0,疑问词
情人节怎么卖鲜花,0,疑问词
送妈妈什么鲜花好礼品,0,疑问词
鲜花礼品多少钱,28,疑问词
鲜花速递费是多少,0,疑问词
送情人什么鲜花,14,疑问词
鲜花礼品网哪个好,28,疑问词
鲜花礼品公司怎样做互联网营销,0,疑问词
鲜花礼品店怎么样,28,疑问词
礼品鲜花网哪里有,0,疑问词
鲜花怎样全国速递,0,疑问词
情人送什么礼品,0,疑问词
什么样的鲜花速递好,0,疑问词
情人节鲜花怎么束,0,疑问词
鲜花速递哪个网站好,2303,疑问词
如何预定情人节鲜花,0,疑问词
哪里有鲜花礼品店,0,疑问词
情人生日送什么鲜花,0,疑问词
怎么开鲜花礼品店,112,疑问词
怎样开鲜花礼品店,112,疑问词
情人节鲜花卖多少钱,0,疑问词
鲜花礼品有多少,0,疑问词
情人节送女朋友什么礼品,0,疑问词
鲜花礼品网好不好,0,疑问词
网上鲜花速递可靠吗,0,疑问词
情人节送什么鲜花,21,疑问词
同城鲜花速递哪个网站好,28,疑问词
鲜花礼品网怎么样,56,疑问词
鲜花怎么速递,119,疑问词
情人节赠给异性的鲜花有哪些,0,疑问词
鲜花礼品公司怎样做互联网推广,0,疑问词
鲜花礼品公司如何做互联网营销,0,疑问词
鲜花速递网怎么样,0,疑问词
情人节为什么送鲜花,0,疑问词
鲜花礼品网哪里有,0,疑问词
情人节送多少鲜花好,0,疑问词
天天鲜花速递怎么样,0,疑问词
礼品鲜花在哪里,0,疑问词
礼品鲜花店哪里有,0,疑问词
市那里有卖鲜花礼品的,0,疑问词
鲜花礼品包装怎么样,0,疑问词
情人节鲜花有哪些,0,疑问词
生日送花送几朵鲜花礼品网可以吗,0,疑问词
情人节除了送鲜花还能送什么,0,疑问词
买鲜花送什么礼品,0,疑问词
鲜花礼品店可以用哪些技术,0,疑问词
鲜花速递一般多少钱,0,疑问词
鲜花礼品公司如何进行网络营销,0,疑问词
娟子鲜花礼品怎么样,0,疑问词
鲜花礼品销售好做吗,0,疑问词
鲜花速递网哪个好,0,疑问词
鲜花速递要多少钱,0,疑问词
情人节鲜花多少钱,7,疑问词
鲜花礼品店怎么开,0,疑问词
礼品鲜花多少钱,0,疑问词
哪里有鲜花礼品,0,疑问词
情人节鲜花网上怎么订,0,疑问词
如何经营鲜花礼品店,0,疑问词
鲜花礼品店赚钱吗,84,疑问词
有没有鲜花速递,0,疑问词
鲜花速递哪个比较好,7,疑问词
鲜花速递网哪家好,798,疑问词
鲜花情人节价格多少,0,疑问词
教师节鲜花算礼品吗,0,疑问词
情人节怎么预定鲜花,0,疑问词
鲜花速递什么的好,0,疑问词
鲜花速递有哪些网站,7,疑问词
情人节鲜花贵吗,0,疑问词
情人节礼品送什么,0,疑问词
送情人什么礼品,0,疑问词
国内鲜花礼品网有哪些,0,疑问词
鲜花速递好吗,77,疑问词
鲜花速递哪家好,133,疑问词
鲜花礼品店在哪里,0,疑问词
鲜花速递哪个好,21,疑问词
情人节鲜花怎么包装,0,疑问词
鲜花礼品公司网站如何推广,0,疑问词
鲜花如何速递,7,疑问词
七夕情人节送女朋友什么礼品,0,疑问词
鲜花礼品公司如何做线上广告,0,疑问词
鲜花礼品公司怎样做线上营销,0,疑问词
鲜花速递网站哪家好,14,疑问词
鲜花礼品网好吗,0,疑问词
鲜花礼品哪家好,0,疑问词
鲜花速递网站哪个好,21,疑问词
哪家鲜花速递比较好,7,疑问词
订鲜花礼品哪个网站好,0,疑问词
鲜花礼品怎么包装,0,疑问词
黑色情人节鲜花礼品网,0,地域词
坪山区鲜花礼品网,0,地域词
余杭镇鲜花速递,0,地域词
乌市鲜花礼品,0,地域词
台北情人节鲜花预定,0,地域词
汉口公寓鲜花店鲜花速递,0,地域词
万山区鲜花礼品网,0,地域词
台北市鲜花速递,0,地域词
高新区鲜花礼品,0,地域词
乌兰察市教师节鲜花礼品,0,地域词
三门鲜花速递网,0,地域词
电白区鲜花礼品网,0,地域词
阿城市鲜花礼品网,0,地域词
徐东鲜花礼品店,0,地域词
贺县网络鲜花速递,0,地域词
荷泽市鲜花礼品网,0,地域词
新林区鲜花礼品网,0,地域词
三门鲜花礼品店,0,地域词
三门鲜花礼品,0,地域词
北滨路鲜花速递,0,地域词
汉沽区鲜花礼品网,0,地域词
泊里镇鲜花礼品,0,地域词
汉口鲜花礼品,0,地域词
三乡鲜花速递,21,地域词
哈市鲜花速递,0,地域词
柳市鲜花速递,14,地域词
呼兰区鲜花礼品网,0,地域词
湛河鲜花速递,7,地域词
异国鲜花礼品网,0,地域词
岳口礼品鲜花,0,地域词
博尔州鲜花礼品网,0,地域词
重阳节鲜花礼品,0,地域词
石龙镇鲜花礼品网,0,地域词
呼市鲜花速递,7,地域词
南头鲜花礼品网,0,地域词
蚌山网上鲜花速递,0,地域词
忠开区鲜花礼品,0,地域词
高新区鲜花速递,28,地域词
乌兰察市鲜花速递,0,地域词
清明鲜花速递,7,地域词
开发区鲜花礼品店,28,地域词
白色情人节鲜花网,0,地域词
政务区鲜花速递,0,地域词
东京鲜花礼品网,0,地域词
白色情人节生日鲜花,0,地域词
重阳节鲜花礼品速递,0,地域词
桥区鲜花速递,0,地域词
太阳雨鲜花礼品网,0,地域词
姑苏区鲜花速递,14,地域词
白市驿镇鲜花速递,0,地域词
师河区鲜花速递,0,地域词
新吴区鲜花礼品网,0,地域词
济水街道鲜花速递,0,地域词
姑苏区鲜花礼品网,0,地域词
情人节鲜花包法,0,地域词
北市场鲜花礼品网,0,地域词
三门鲜花礼品网,0,地域词
泰国鲜花速递,28,地域词
汉口鲜花礼品网,0,地域词
汉口鲜花速递,7,地域词
坪山镇鲜花速递,0,地域词
汉口鲜花礼品店,0,地域词
勒流镇鲜花速递,0,地域词
哈市鲜花礼品店,0,地域词
重阳礼品鲜花,0,地域词
高新区鲜花礼品公司,0,地域词
德国鲜花速递,7,地域词
呼兰区鲜花礼品店,0,地域词
乌兰察市鲜花礼品,0,地域词
道里区鲜花速递,14,地域词
大坝沟鲜花礼品,0,地域词
呼兰区鲜花速递,14,地域词
呼市鲜花礼品,0,地域词
呼市鲜花礼品网,0,地域词
天涯区鲜花礼品网,0,地域词
白色情人节送什么礼品好,0,地域词
台北市鲜花礼品网,0,地域词
情人节鲜花价格,7,价格词
鲜花速递需要多少钱,0,价格词
鲜花速递价格,35,价格词
小平鲜花礼品价格,0,价格词
鲜花礼品网的价格,0,价格词
情人节的鲜花价格表,0,价格词
今年情人节鲜花价格,0,价格词
速递鲜花报价,0,价格词
鲜花礼品订购价格,0,价格词
鲜花速递价钱,0,价格词
鲜花情人节报价,0,价格词
鲜花速递一般要多少钱,0,价格词
情人节鲜花蛋糕的价格,0,价格词
情人节鲜花里面放钱,0,价格词
鲜花礼品店赚钱吗,252,价格词
速递鲜花价格,0,价格词
鲜花速递特价,7,价格词
情人节送鲜花多少钱,0,价格词
情人节鲜花订购价格,0,价格词
鲜花速递得花多少钱,0,价格词
鲜花速递全国多少钱,0,价格词
情人节鲜花报价,0,价格词
情人节鲜花价位,7,价格词
鲜花速递一般多钱,0,价格词
鲜花速递费用,0,价格词
鲜花速递收费,0,价格词
鲜花情人节价格,0,价格词
鲜花礼品的价格,0,价格词
鲜花礼品费用,0,价格词
七夕情人节鲜花价格,0,价格词
鲜花礼品价钱,0,价格词
礼品鲜花的价格,0,价格词
鲜花速递的价位,0,价格词
情人节鲜花预定价格,0,价格词
鲜花礼品价格,0,价格词
情人节鲜花价钱,0,价格词
鲜花速递价格单,0,价格词
鲜花礼品多少钱,28,价格词
情人节鲜花配送价格,0,价格词
礼品鲜花价格,0,价格词
鲜花速递需要多钱,0,价格词
情人节鲜花费用,0,价格词
鲜花网速递公司,0,公司词
鲜花礼品公司,63,公司词
鲜花礼品速递公司,0,公司词
邮政鲜花速递公司,0,公司词
网上鲜花速递公司,0,公司词
鲜花同城速递公司,0,公司词
鲜花速递公司,231,公司词
速递鲜花公司,0,公司词
